participant_id,age,sex,work_modality,meq_score,chronotype,sleep_onset_work,sleep_offset_work,sleep_duration_work,sleep_onset_free,sleep_offset_free,sleep_duration_free,social_jetlag_hours,light_exposure_lux_hr,productivity_score,procrastination_score
P001,43,F,remote,36,Moderate Evening,1.6,8.68,7.08,2.17,9.3,7.13,0.6,190.9,5.2,2.2
P002,36,F,onsite,24,Definite Evening,2.83,11.33,8.5,3.72,12.16,8.43,0.86,334.7,6.4,3.2
P003,45,M,remote,54,Intermediate,-0.79,7.93,8.72,0.31,9.78,9.47,1.47,215.2,6.9,2.2
P004,56,F,onsite,79,Definite Morning,-0.07,8.11,8.19,0.45,7.62,7.17,0.01,314.0,7.4,1.1
P005,35,F,onsite,49,Intermediate,0.76,8.32,7.56,1.35,10.08,8.73,1.18,339.7,4.8,3.0
P006,35,M,hybrid,60,Moderate Morning,1.04,7.97,6.93,1.37,9.17,7.8,0.77,263.3,5.8,2.6
P007,56,M,onsite,50,Intermediate,1.02,7.94,6.92,1.8,8.22,6.41,0.53,336.5,7.3,2.5
P008,47,M,remote,48,Intermediate,0.32,8.18,7.87,0.69,8.54,7.84,0.37,160.5,5.9,2.6
P009,32,M,remote,61,Moderate Morning,0.21,8.0,7.79,1.3,10.01,8.71,1.55,170.1,5.9,4.0
P010,44,M,hybrid,46,Intermediate,0.35,8.83,8.48,0.26,9.27,9.01,0.17,290.1,7.1,2.5
P011,32,M,onsite,53,Intermediate,1.61,9.56,7.96,2.23,9.87,7.64,0.46,165.5,6.9,2.8
P012,32,M,onsite,53,Intermediate,0.76,7.21,6.45,1.71,8.89,7.18,1.32,416.5,6.3,2.6
P013,40,M,hybrid,41,Moderate Evening,2.69,10.92,8.24,3.58,12.13,8.55,1.05,246.1,5.8,3.1
P014,18,F,remote,61,Moderate Morning,0.42,7.22,6.8,2.56,7.66,5.09,1.29,84.0,5.7,2.6
P015,18,M,hybrid,47,Intermediate,0.39,7.62,7.23,1.36,8.75,7.39,1.05,202.1,6.8,2.7
P016,31,F,onsite,40,Moderate Evening,-0.01,7.66,7.68,0.29,8.05,7.76,0.34,286.3,6.6,3.5
P017,25,M,hybrid,56,Intermediate,-0.8,8.09,8.9,-0.05,9.75,9.81,1.21,175.4,6.0,3.2
P018,41,F,hybrid,39,Moderate Evening,-0.03,9.64,9.68,-0.12,11.28,11.4,0.77,152.2,6.9,3.0
P019,27,M,remote,50,Intermediate,1.06,8.99,7.92,1.82,10.31,8.48,1.04,182.1,5.7,1.9
P020,21,M,onsite,49,Intermediate,1.29,8.66,7.37,1.68,9.88,8.21,0.8,408.7,5.5,2.6
P021,55,F,remote,63,Moderate Morning,-0.87,7.0,7.87,0.39,9.06,8.67,1.66,219.3,5.2,3.9
P022,35,F,hybrid,55,Intermediate,1.39,9.51,8.12,1.92,10.51,8.6,0.76,242.8,5.6,2.6
P023,38,F,remote,49,Intermediate,0.5,7.77,7.28,1.24,8.06,6.82,0.52,120.4,5.8,3.1
P024,20,M,onsite,59,Intermediate,0.65,9.41,8.76,1.13,10.68,9.54,0.88,177.7,7.3,3.2
P025,31,M,hybrid,66,Moderate Morning,1.58,9.24,7.66,3.25,11.49,8.24,1.96,319.6,5.5,2.9
P026,39,F,remote,56,Intermediate,1.36,9.21,7.85,2.0,9.6,7.6,0.52,185.9,6.3,2.2
P027,24,F,onsite,50,Intermediate,0.64,8.6,7.97,2.35,9.38,7.03,1.25,377.7,5.5,1.9
P028,42,F,remote,34,Moderate Evening,0.7,8.49,7.8,1.9,9.74,7.84,1.23,72.4,5.2,3.4
P029,30,F,hybrid,37,Moderate Evening,-0.42,7.67,8.09,0.62,8.64,8.01,1.0,189.8,4.7,2.7
P030,34,M,onsite,46,Intermediate,0.41,7.48,7.07,1.4,7.89,6.49,0.7,271.3,6.0,2.8
P031,30,F,onsite,42,Intermediate,0.96,8.07,7.11,1.96,9.74,7.79,1.34,406.5,5.7,2.5
P032,60,M,hybrid,47,Intermediate,0.17,6.9,6.73,0.0,9.29,9.29,1.11,253.1,6.5,2.8
P033,37,M,onsite,50,Intermediate,0.74,8.55,7.81,1.41,9.67,8.26,0.89,335.8,6.3,2.8
P034,25,M,hybrid,56,Intermediate,0.7,8.75,8.05,1.92,9.2,7.28,0.84,271.4,5.4,2.8
P035,47,F,onsite,49,Intermediate,0.71,8.53,7.82,1.48,8.6,7.12,0.42,273.9,7.2,2.2
P036,23,M,hybrid,55,Intermediate,0.15,8.83,8.67,0.25,9.98,9.73,0.63,193.9,6.6,3.1
P037,40,M,onsite,50,Intermediate,0.98,8.48,7.5,1.76,10.14,8.38,1.22,344.4,6.2,2.6
P038,18,F,remote,26,Definite Evening,2.04,10.01,7.97,3.7,11.3,7.6,1.47,250.3,5.1,2.6
P039,22,M,remote,38,Moderate Evening,0.4,7.13,6.74,1.82,8.13,6.31,1.21,109.4,5.1,3.0
P040,40,F,remote,48,Intermediate,2.05,9.28,7.23,2.82,9.92,7.11,0.71,209.3,6.1,2.8
P041,46,M,hybrid,35,Moderate Evening,1.3,9.28,7.99,2.57,9.63,7.06,0.81,416.0,6.4,3.0
P042,40,F,onsite,57,Intermediate,0.62,8.71,8.09,1.24,10.22,8.98,1.06,255.4,4.8,3.3
P043,36,F,remote,68,Moderate Morning,0.79,8.08,7.29,0.73,9.63,8.89,0.75,167.8,5.8,2.4
P044,34,M,onsite,64,Moderate Morning,0.55,8.0,7.45,0.88,8.07,7.18,0.21,243.2,6.5,2.3
P045,20,M,onsite,47,Intermediate,1.72,8.15,6.44,3.3,10.11,6.81,1.77,402.9,5.9,2.6
P046,29,M,onsite,67,Moderate Morning,0.48,7.73,7.25,1.15,9.08,7.93,1.0,405.8,7.4,2.9
P047,32,M,hybrid,51,Intermediate,0.33,8.45,8.12,1.0,10.29,9.28,1.26,317.8,5.5,2.9
P048,50,F,remote,45,Intermediate,1.31,9.22,7.9,1.96,9.41,7.45,0.42,156.1,5.5,2.5
P049,42,M,hybrid,42,Intermediate,0.22,8.07,7.85,1.97,8.25,6.28,0.97,147.1,5.6,2.1
P050,18,F,hybrid,46,Intermediate,1.08,8.61,7.53,2.69,9.52,6.83,1.26,320.3,5.4,3.5
P051,41,M,onsite,45,Intermediate,1.0,8.5,7.5,2.91,9.81,6.9,1.61,471.6,5.5,2.6
P052,33,F,remote,52,Intermediate,0.61,7.65,7.04,1.33,9.73,8.4,1.4,161.4,6.3,2.7
P053,29,F,hybrid,51,Intermediate,0.71,8.7,7.99,1.66,10.12,8.47,1.19,355.3,5.3,3.0
P054,45,F,hybrid,50,Intermediate,-0.66,7.14,7.79,-0.61,7.99,8.61,0.45,295.4,6.8,2.2
P055,50,M,onsite,55,Intermediate,0.24,8.08,7.84,1.77,8.46,6.69,0.96,411.7,4.9,2.1
P056,49,M,remote,64,Moderate Morning,0.43,7.57,7.13,0.65,9.3,8.65,0.98,97.7,5.6,1.7
P057,27,M,hybrid,61,Moderate Morning,0.59,6.59,5.99,1.5,7.01,5.51,0.66,227.7,6.3,2.8
P058,34,F,onsite,32,Moderate Evening,0.66,8.93,8.27,0.91,10.9,9.99,1.11,397.8,7.0,2.9
P059,41,F,onsite,19,Definite Evening,2.95,10.11,7.16,3.45,10.94,7.49,0.67,154.0,5.4,4.3
P060,49,F,hybrid,61,Moderate Morning,-0.23,6.67,6.9,0.15,8.62,8.47,1.17,153.4,4.6,2.3
P061,32,M,hybrid,33,Moderate Evening,2.22,10.21,7.99,2.72,11.61,8.9,0.95,204.8,4.3,2.7
P062,35,F,onsite,47,Intermediate,1.3,8.52,7.23,1.83,9.44,7.61,0.72,393.1,6.2,2.5
P063,24,F,remote,35,Moderate Evening,0.86,9.1,8.24,1.38,9.79,8.4,0.61,148.5,6.1,3.0
P064,23,M,onsite,28,Definite Evening,3.04,10.97,7.93,4.26,11.77,7.51,1.01,579.4,6.0,2.9
P065,47,M,hybrid,56,Intermediate,-0.31,7.66,7.98,-0.07,8.92,8.99,0.75,260.1,6.6,2.9
P066,54,F,remote,59,Intermediate,1.27,7.81,6.54,2.18,8.86,6.68,0.98,113.6,6.9,2.3
P067,37,F,hybrid,43,Intermediate,1.9,10.24,8.35,3.3,10.89,7.58,1.03,312.3,5.6,2.4
P068,50,F,hybrid,18,Definite Evening,1.43,9.12,7.68,1.98,10.02,8.04,0.72,337.3,6.4,2.5
P069,42,M,hybrid,43,Intermediate,2.21,9.45,7.24,2.65,10.5,7.85,0.74,298.2,4.9,1.9
P070,30,F,onsite,54,Intermediate,0.51,8.11,7.6,1.19,7.83,6.64,0.2,435.4,5.8,2.3
P071,42,M,remote,32,Moderate Evening,1.71,7.97,6.26,3.1,9.24,6.14,1.33,136.6,3.9,3.0
P072,56,M,hybrid,52,Intermediate,0.99,8.77,7.79,1.89,9.19,7.3,0.65,334.4,6.2,2.4
P073,37,M,remote,49,Intermediate,0.78,7.56,6.78,1.31,7.86,6.55,0.42,152.9,6.0,3.1
P074,56,F,onsite,56,Intermediate,1.29,7.84,6.55,2.33,7.83,5.5,0.51,275.6,6.5,3.1
P075,18,F,onsite,51,Intermediate,1.45,7.88,6.43,1.7,7.81,6.11,0.09,288.2,6.5,2.4
P076,47,F,onsite,38,Moderate Evening,-0.13,8.15,8.28,1.01,8.34,7.32,0.66,228.4,5.3,2.2
P077,39,M,hybrid,64,Moderate Morning,1.4,8.46,7.06,2.41,9.04,6.63,0.79,232.3,6.4,2.3
P078,34,F,hybrid,48,Intermediate,-0.41,8.16,8.57,0.24,10.34,10.1,1.41,447.8,4.8,2.7
P079,39,M,remote,49,Intermediate,1.71,8.84,7.12,2.09,9.52,7.43,0.53,199.2,7.1,2.4
P080,18,F,hybrid,38,Moderate Evening,2.17,8.48,6.3,2.53,9.58,7.05,0.73,282.6,5.8,2.6
P081,35,M,remote,44,Intermediate,0.19,6.91,6.72,1.25,8.15,6.89,1.15,188.4,5.2,2.7
P082,42,M,onsite,39,Moderate Evening,0.91,9.27,8.37,2.32,10.35,8.03,1.25,303.0,7.1,2.9
P083,55,M,remote,47,Intermediate,0.07,7.46,7.39,0.55,8.41,7.86,0.72,96.6,4.9,2.5
P084,31,M,remote,70,Definite Morning,-0.02,7.09,7.12,1.01,7.38,6.37,0.66,189.5,5.4,2.5
P085,28,F,remote,33,Moderate Evening,1.2,8.81,7.61,0.96,10.68,9.73,0.81,114.2,4.7,3.1
P086,31,F,remote,30,Definite Evening,2.17,10.02,7.85,2.68,12.11,9.43,1.3,91.4,5.2,2.8
P087,48,M,remote,67,Moderate Morning,1.3,9.59,8.28,2.09,9.58,7.49,0.39,135.6,6.7,2.9
P088,41,F,hybrid,47,Intermediate,2.07,10.59,8.51,2.42,10.97,8.55,0.37,331.7,7.0,2.3
P089,31,M,onsite,41,Moderate Evening,0.72,7.96,7.25,1.05,8.8,7.75,0.58,229.4,8.1,2.2
P090,44,F,onsite,62,Moderate Morning,0.26,6.83,6.57,0.73,7.26,6.53,0.44,388.9,4.8,2.6
P091,39,F,remote,42,Intermediate,-0.22,6.99,7.21,0.73,8.3,7.57,1.12,88.0,6.1,2.6
P092,49,F,hybrid,71,Definite Morning,-0.53,7.15,7.68,0.18,7.72,7.54,0.63,217.9,6.3,2.5
P093,29,M,remote,58,Intermediate,1.34,8.17,6.83,1.02,10.47,9.44,0.99,198.1,5.5,1.7
P094,34,F,hybrid,44,Intermediate,2.35,9.18,6.83,2.09,10.9,8.8,0.73,294.1,5.7,3.4
P095,33,F,onsite,75,Definite Morning,-1.01,6.73,7.74,-0.52,7.86,8.37,0.81,273.3,5.9,2.6
P096,20,M,onsite,42,Intermediate,0.66,8.12,7.47,1.68,9.74,8.05,1.32,392.8,7.2,2.4
P097,41,M,hybrid,58,Intermediate,0.55,8.07,7.52,-0.02,9.74,9.76,0.54,231.4,7.2,2.0
P098,41,F,hybrid,53,Intermediate,0.97,7.94,6.97,1.52,8.6,7.08,0.61,247.7,6.4,3.3
P099,38,F,onsite,65,Moderate Morning,-0.32,7.02,7.34,0.21,7.53,7.31,0.52,280.5,7.7,2.1
P100,35,F,hybrid,68,Moderate Morning,0.56,7.41,6.85,2.05,8.46,6.41,1.27,165.4,5.2,2.3
P101,21,F,onsite,50,Intermediate,0.47,8.59,8.12,1.08,10.11,9.03,1.06,370.5,5.0,1.9
P102,32,F,hybrid,40,Moderate Evening,1.19,9.41,8.22,2.18,10.5,8.32,1.04,326.8,4.2,2.8
P103,33,M,onsite,55,Intermediate,1.11,7.32,6.21,1.98,7.37,5.39,0.46,276.0,5.9,2.5
P104,28,M,remote,41,Moderate Evening,1.17,8.02,6.85,0.9,8.54,7.63,0.13,215.0,6.1,3.0
P105,36,M,onsite,74,Definite Morning,-0.34,6.11,6.45,0.84,7.07,6.22,1.07,298.7,6.6,1.9
P106,42,F,hybrid,51,Intermediate,0.73,7.77,7.04,1.64,8.73,7.09,0.93,237.4,6.4,2.2
P107,60,M,onsite,45,Intermediate,0.95,8.4,7.44,2.01,10.58,8.57,1.62,254.2,4.6,3.2
P108,40,F,onsite,52,Intermediate,0.48,6.97,6.49,3.25,7.14,3.89,1.47,349.1,6.6,3.3
P109,41,F,hybrid,33,Moderate Evening,1.24,8.09,6.85,1.0,9.4,8.4,0.53,207.9,6.2,2.3
P110,37,F,hybrid,38,Moderate Evening,2.55,9.35,6.8,4.21,11.24,7.03,1.78,202.9,6.2,3.6
P111,18,M,hybrid,64,Moderate Morning,0.81,8.45,7.65,1.47,10.82,9.35,1.51,366.4,4.8,2.8
P112,37,F,onsite,42,Intermediate,0.89,8.44,7.55,1.84,9.2,7.36,0.85,404.3,6.2,3.3
P113,38,M,hybrid,37,Moderate Evening,1.86,8.86,6.99,2.64,10.15,7.51,1.04,319.0,5.0,3.0
P114,65,F,remote,56,Intermediate,0.37,8.0,7.62,0.96,9.34,8.38,0.96,172.2,5.6,1.7
P115,35,M,remote,64,Moderate Morning,1.3,8.42,7.12,1.81,9.53,7.72,0.82,280.1,6.6,2.5
P116,41,M,onsite,58,Intermediate,0.87,8.18,7.31,1.83,9.12,7.29,0.95,316.4,6.4,3.1
P117,37,F,hybrid,61,Moderate Morning,0.38,9.05,8.67,0.42,10.31,9.89,0.65,270.0,5.9,2.2
P118,23,M,onsite,40,Moderate Evening,1.56,10.0,8.44,2.73,9.48,6.74,0.33,433.5,6.2,2.6
P119,51,M,onsite,32,Moderate Evening,0.22,6.81,6.59,0.82,8.22,7.41,1.0,305.3,4.5,3.0
P120,47,F,remote,68,Moderate Morning,-0.68,7.4,8.08,-0.45,8.48,8.92,0.66,95.6,7.2,1.3
P121,47,F,onsite,46,Intermediate,0.03,8.1,8.07,0.61,8.97,8.36,0.72,374.1,6.0,3.4
P122,27,F,hybrid,46,Intermediate,1.1,7.8,6.7,2.53,10.03,7.5,1.83,350.1,6.7,2.7
P123,54,F,hybrid,65,Moderate Morning,1.71,9.78,8.07,2.24,10.38,8.14,0.56,226.5,6.3,2.6
P124,21,F,hybrid,56,Intermediate,2.43,11.0,8.58,3.4,11.76,8.36,0.87,275.1,6.0,2.6
P125,45,M,hybrid,55,Intermediate,1.19,7.9,6.71,1.62,10.09,8.47,1.31,195.3,5.6,3.3
P126,64,M,onsite,75,Definite Morning,0.38,7.23,6.86,1.55,7.73,6.18,0.84,364.2,7.4,2.5
P127,26,M,onsite,42,Intermediate,-0.31,7.9,8.21,0.83,8.57,7.74,0.91,235.5,5.4,2.8
P128,31,F,hybrid,61,Moderate Morning,0.03,7.72,7.69,1.76,8.63,6.88,1.32,328.7,6.8,2.4
P129,39,F,onsite,50,Intermediate,0.22,8.11,7.89,0.93,9.61,8.68,1.11,445.6,5.8,3.2
P130,31,M,hybrid,53,Intermediate,0.25,7.99,7.74,1.38,9.11,7.73,1.13,124.0,4.6,2.0
P131,19,M,onsite,68,Moderate Morning,0.09,7.86,7.77,0.93,8.08,7.15,0.54,471.6,6.2,2.6
P132,38,F,onsite,56,Intermediate,0.26,6.83,6.57,1.71,7.51,5.8,1.06,466.3,5.3,2.3
P133,25,M,hybrid,56,Intermediate,-0.94,7.29,8.23,-0.5,7.93,8.43,0.54,389.6,6.5,3.1
P134,43,F,onsite,62,Moderate Morning,1.03,9.35,8.32,2.2,10.3,8.1,1.06,377.5,5.4,2.7
P135,26,F,hybrid,45,Intermediate,0.17,7.51,7.34,0.87,8.76,7.89,0.98,380.4,6.8,3.1
P136,56,F,hybrid,39,Moderate Evening,1.43,8.9,7.47,2.19,10.15,7.95,1.01,355.7,5.9,3.0
P137,28,M,remote,37,Moderate Evening,2.96,9.39,6.43,3.81,9.33,5.52,0.39,164.2,5.6,2.1
P138,34,F,onsite,26,Definite Evening,0.95,8.81,7.86,1.88,10.45,8.57,1.28,304.9,6.0,2.9
P139,47,F,onsite,74,Definite Morning,-2.01,5.89,7.9,-1.27,7.04,8.31,0.95,309.6,7.4,2.7
P140,23,F,onsite,36,Moderate Evening,1.11,8.57,7.46,2.02,10.4,8.38,1.37,371.5,5.7,3.2
P141,40,F,hybrid,47,Intermediate,1.84,10.12,8.29,3.42,11.39,7.96,1.43,288.2,5.4,3.4
P142,53,F,hybrid,46,Intermediate,2.56,9.82,7.27,3.85,11.48,7.63,1.48,241.4,4.5,3.2
P143,18,F,onsite,53,Intermediate,-0.24,7.66,7.9,1.0,8.94,7.94,1.26,448.7,5.5,2.4
P144,40,M,remote,59,Intermediate,0.93,7.72,6.79,1.5,9.53,8.02,1.19,271.7,5.4,2.4
P145,41,F,onsite,60,Moderate Morning,0.13,7.61,7.48,0.48,8.92,8.44,0.83,488.1,6.5,2.6
P146,47,F,hybrid,43,Intermediate,1.01,8.39,7.38,2.29,9.33,7.04,1.11,235.1,5.7,2.0
P147,23,M,hybrid,47,Intermediate,3.07,10.73,7.66,4.31,13.09,8.78,1.8,235.8,6.4,3.8
P148,22,F,remote,53,Intermediate,-0.46,6.78,7.24,1.08,8.32,7.24,1.53,203.3,5.2,3.1
P149,44,F,hybrid,47,Intermediate,1.16,8.57,7.41,1.66,9.91,8.25,0.92,373.9,6.1,3.3
P150,41,F,remote,69,Moderate Morning,0.56,8.64,8.08,1.24,8.87,7.63,0.46,100.0,7.3,1.7
P151,41,M,onsite,55,Intermediate,1.54,8.74,7.19,1.52,8.96,7.44,0.1,438.4,6.8,3.0
P152,42,M,remote,58,Intermediate,0.65,7.02,6.38,1.25,8.2,6.95,0.89,133.6,6.0,3.5
P153,29,F,onsite,57,Intermediate,0.85,9.58,8.72,2.15,10.66,8.51,1.19,402.9,5.7,2.2
P154,40,F,remote,64,Moderate Morning,0.05,8.51,8.47,0.61,9.15,8.53,0.6,253.8,5.7,2.8
P155,41,M,hybrid,52,Intermediate,1.0,7.59,6.6,2.12,8.68,6.56,1.1,324.2,5.5,2.8
P156,29,F,remote,34,Moderate Evening,1.14,9.12,7.98,1.84,11.07,9.23,1.33,50.0,4.9,2.5
P157,60,F,hybrid,54,Intermediate,1.21,8.36,7.15,2.17,9.77,7.6,1.19,125.1,6.8,3.0
P158,43,F,hybrid,42,Intermediate,0.83,8.52,7.68,1.06,8.83,7.77,0.27,219.1,6.2,3.0
P159,23,F,hybrid,43,Intermediate,1.4,9.1,7.71,2.24,10.04,7.8,0.89,209.7,5.0,2.6
P160,45,M,hybrid,57,Intermediate,0.58,7.92,7.34,-0.11,8.43,8.55,0.09,288.0,8.1,2.9
P161,26,M,onsite,64,Moderate Morning,1.26,8.21,6.95,1.97,8.98,7.01,0.74,315.3,6.7,1.8
P162,47,M,onsite,50,Intermediate,0.81,7.83,7.02,0.79,8.58,7.78,0.37,389.1,5.2,2.0
P163,51,F,onsite,53,Intermediate,-0.67,6.19,6.86,0.73,6.9,6.17,1.06,371.6,5.8,2.8
P164,28,M,onsite,70,Definite Morning,1.16,8.08,6.92,2.35,8.32,5.98,0.72,462.8,6.7,2.4
P165,49,M,remote,52,Intermediate,0.06,7.51,7.45,1.09,8.43,7.34,0.98,311.0,7.2,2.5
P166,42,M,onsite,81,Definite Morning,-0.76,6.24,7.0,0.8,6.9,6.1,1.11,437.3,5.8,2.7
P167,47,F,remote,56,Intermediate,0.16,8.14,7.98,0.49,7.38,6.89,0.22,145.2,7.0,2.7
P168,60,F,onsite,28,Definite Evening,2.72,11.26,8.54,4.39,13.49,9.1,1.95,225.0,6.4,3.8
P169,35,M,onsite,59,Intermediate,-1.17,5.92,7.09,0.09,7.57,7.48,1.46,332.4,5.6,2.8
P170,28,M,remote,54,Intermediate,3.22,10.89,7.67,3.9,11.66,7.76,0.73,165.6,5.8,2.9
P171,27,F,hybrid,65,Moderate Morning,1.17,9.02,7.85,2.54,10.03,7.49,1.19,155.9,5.6,2.5
P172,28,M,hybrid,58,Intermediate,0.75,8.58,7.83,1.0,8.88,7.88,0.27,333.0,6.5,3.3
P173,37,M,hybrid,48,Intermediate,0.88,8.43,7.55,1.26,10.45,9.18,1.2,375.1,6.0,2.6
P174,42,M,hybrid,35,Moderate Evening,1.6,9.62,8.02,2.1,11.76,9.66,1.32,427.9,6.3,4.0
P175,41,M,onsite,47,Intermediate,1.37,9.21,7.84,1.91,10.3,8.4,0.81,338.9,7.0,2.8
P176,47,M,remote,39,Moderate Evening,1.75,8.38,6.63,2.02,10.0,7.98,0.94,226.1,5.0,2.4
P177,38,F,remote,43,Intermediate,1.54,9.65,8.11,2.95,10.75,7.8,1.26,143.5,4.0,3.5
P178,55,M,hybrid,57,Intermediate,0.68,8.8,8.12,1.35,9.0,7.65,0.43,187.5,6.5,2.6
P179,34,F,onsite,70,Definite Morning,-0.01,6.96,6.97,0.97,7.71,6.74,0.86,265.4,6.8,2.8
P180,65,M,hybrid,54,Intermediate,0.59,8.12,7.53,1.1,9.19,8.09,0.8,313.4,6.6,3.2
P181,45,F,onsite,35,Moderate Evening,1.22,9.2,7.98,1.11,9.92,8.82,0.31,323.5,5.8,3.0
P182,27,F,onsite,55,Intermediate,1.58,8.94,7.35,2.52,9.8,7.29,0.9,480.7,6.3,2.5
P183,25,M,onsite,64,Moderate Morning,0.83,9.09,8.25,0.68,10.03,9.35,0.39,487.6,7.8,2.8
P184,43,F,hybrid,42,Intermediate,-1.22,7.93,9.15,-0.46,8.88,9.34,0.86,382.7,6.4,2.9
P185,35,M,remote,48,Intermediate,1.44,8.39,6.95,1.56,9.43,7.87,0.57,200.9,5.6,3.0
P186,46,F,hybrid,50,Intermediate,1.01,7.54,6.53,2.8,7.9,5.1,1.08,323.5,5.8,2.0
P187,43,M,hybrid,40,Moderate Evening,1.19,8.9,7.71,2.44,9.47,7.03,0.91,347.7,5.9,3.1
P188,37,M,hybrid,57,Intermediate,0.29,8.3,8.01,1.15,8.53,7.38,0.54,321.1,7.8,2.3
P189,27,M,onsite,48,Intermediate,1.82,9.16,7.34,3.25,10.74,7.49,1.51,474.1,5.7,3.6
P190,19,F,hybrid,55,Intermediate,1.43,9.95,8.52,1.81,9.69,7.88,0.06,340.5,6.7,2.7
P191,32,F,remote,39,Moderate Evening,0.62,7.18,6.56,1.69,8.87,7.18,1.38,214.1,5.0,3.2
P192,48,F,onsite,44,Intermediate,1.39,9.37,7.99,2.29,11.2,8.92,1.37,150.2,6.7,3.2
P193,40,M,remote,58,Intermediate,-0.21,6.87,7.08,0.72,7.69,6.96,0.88,261.8,7.6,2.2
P194,23,F,hybrid,45,Intermediate,-0.08,8.62,8.7,1.36,8.06,6.71,0.44,302.9,6.7,3.4
P195,40,M,hybrid,70,Definite Morning,-0.35,8.54,8.89,0.81,9.33,8.51,0.97,212.4,6.7,3.3
P196,42,F,hybrid,45,Intermediate,1.71,8.68,6.96,2.66,9.64,6.98,0.95,324.3,6.1,3.0
P197,27,M,hybrid,52,Intermediate,1.54,8.66,7.12,1.52,9.05,7.54,0.18,277.3,4.7,3.2
P198,39,M,remote,61,Moderate Morning,0.88,8.98,8.1,1.2,9.67,8.47,0.51,55.1,6.8,2.3
P199,38,M,remote,32,Moderate Evening,2.06,9.29,7.23,2.8,11.21,8.41,1.33,213.2,5.4,2.8
P200,24,M,hybrid,28,Definite Evening,2.03,9.5,7.47,2.88,10.9,8.02,1.12,233.8,6.1,3.2
P201,42,F,onsite,31,Moderate Evening,1.0,8.52,7.52,1.24,8.96,7.73,0.34,367.3,5.4,3.1
P202,44,M,hybrid,65,Moderate Morning,0.67,6.83,6.16,2.68,6.87,4.19,1.02,280.1,6.2,2.4
P203,50,F,remote,43,Intermediate,1.74,9.23,7.49,3.29,10.03,6.74,1.18,78.6,5.3,3.2
P204,50,M,onsite,80,Definite Morning,0.4,7.42,7.02,1.5,8.29,6.79,0.99,411.5,7.5,2.5
P205,21,F,hybrid,43,Intermediate,2.05,9.2,7.15,2.88,10.5,7.62,1.07,232.9,5.7,2.5
P206,26,M,hybrid,52,Intermediate,1.35,9.86,8.51,2.04,10.54,8.5,0.69,243.3,8.0,2.9
P207,44,M,hybrid,68,Moderate Morning,0.5,7.12,6.62,0.83,8.43,7.6,0.82,348.5,7.0,2.8
P208,44,F,onsite,74,Definite Morning,0.87,8.94,8.07,1.7,11.1,9.39,1.5,345.6,5.4,2.7
P209,44,M,hybrid,74,Definite Morning,-0.01,7.29,7.3,0.92,8.78,7.87,1.21,215.6,6.5,3.0
P210,65,M,remote,64,Moderate Morning,-0.35,6.96,7.3,-0.17,7.93,8.1,0.58,160.8,5.7,2.0
P211,44,F,onsite,62,Moderate Morning,0.3,8.35,8.05,1.27,9.24,7.98,0.93,422.7,4.6,2.8
P212,51,F,onsite,57,Intermediate,0.01,7.75,7.74,0.73,8.53,7.8,0.75,273.7,7.6,2.2
P213,49,M,remote,59,Intermediate,-0.01,7.89,7.9,-0.16,9.6,9.76,0.78,128.2,6.6,2.2
P214,45,M,onsite,43,Intermediate,0.98,9.16,8.18,1.35,9.78,8.43,0.5,309.2,6.6,2.5
P215,34,F,remote,40,Moderate Evening,0.57,7.83,7.27,1.16,8.86,7.7,0.81,181.1,5.8,2.5
P216,47,M,hybrid,49,Intermediate,0.64,7.71,7.07,2.38,8.74,6.36,1.39,313.0,4.9,2.7
P217,28,M,onsite,47,Intermediate,-0.56,6.18,6.74,0.52,6.88,6.36,0.89,416.0,5.7,2.7
P218,35,M,remote,44,Intermediate,1.23,8.15,6.92,1.36,8.33,6.97,0.15,215.6,6.7,3.0
P219,32,F,hybrid,58,Intermediate,0.57,10.14,9.56,1.61,11.33,9.72,1.12,335.2,5.5,2.6
P220,38,F,hybrid,61,Moderate Morning,-0.19,8.18,8.37,-0.16,9.15,9.31,0.49,301.2,4.6,1.8
P221,65,M,hybrid,51,Intermediate,1.34,7.9,6.55,2.68,9.2,6.51,1.32,332.6,5.9,3.3
P222,18,M,hybrid,67,Moderate Morning,1.01,7.58,6.57,1.57,8.26,6.69,0.62,274.4,6.6,2.1
P223,46,M,onsite,36,Moderate Evening,0.05,7.89,7.84,0.81,9.62,8.82,1.24,493.8,5.8,3.1
P224,18,F,hybrid,47,Intermediate,0.34,8.23,7.88,1.81,8.7,6.89,0.97,364.6,6.7,3.0
P225,32,M,remote,41,Moderate Evening,0.55,8.43,7.88,0.71,10.46,9.76,1.09,120.9,6.1,3.0
P226,51,M,onsite,27,Definite Evening,0.9,8.22,7.32,1.0,8.18,7.17,0.03,328.6,6.2,3.3
P227,38,F,hybrid,49,Intermediate,1.55,8.96,7.41,2.06,10.22,8.16,0.88,265.8,7.2,3.0
P228,25,M,onsite,48,Intermediate,0.76,8.49,7.73,2.08,9.78,7.7,1.3,303.9,4.7,2.6
P229,29,F,remote,68,Moderate Morning,0.01,7.57,7.56,0.05,8.09,8.04,0.28,151.1,6.9,3.2
P230,46,M,onsite,57,Intermediate,-1.0,4.95,5.95,-1.61,6.2,7.82,0.32,533.8,7.0,2.6
P231,29,M,remote,37,Moderate Evening,1.81,9.15,7.34,2.39,10.92,8.53,1.17,148.9,4.5,3.0
P232,40,M,hybrid,72,Definite Morning,-0.91,5.99,6.9,0.16,5.66,5.5,0.37,208.2,5.7,2.7
P233,38,F,onsite,64,Moderate Morning,0.41,8.03,7.62,1.81,9.33,7.52,1.35,344.8,5.6,2.8
P234,30,F,onsite,56,Intermediate,0.86,10.45,9.59,1.43,9.96,8.53,0.04,283.8,6.1,2.6
P235,63,F,onsite,47,Intermediate,2.04,9.8,7.76,2.64,10.22,7.58,0.51,333.3,6.8,3.7
P236,45,M,hybrid,38,Moderate Evening,0.22,7.5,7.28,1.6,9.48,7.88,1.68,446.0,5.2,3.1
P237,18,F,onsite,45,Intermediate,-1.39,6.75,8.15,-1.53,7.41,8.93,0.26,554.9,5.6,2.5
P238,40,M,remote,63,Moderate Morning,0.54,8.38,7.84,1.15,8.68,7.53,0.45,160.9,5.8,2.5
P239,30,M,hybrid,72,Definite Morning,1.52,9.31,7.79,2.42,10.2,7.78,0.89,169.0,7.6,2.9
P240,48,F,onsite,68,Moderate Morning,1.21,9.14,7.92,2.24,11.38,9.14,1.63,310.4,6.2,2.1
P241,28,M,hybrid,44,Intermediate,1.23,10.17,8.94,1.77,10.07,8.3,0.22,275.8,6.2,1.9
P242,36,M,hybrid,36,Moderate Evening,0.95,7.66,6.71,1.76,8.02,6.26,0.59,235.9,6.0,2.7
P243,44,M,onsite,51,Intermediate,1.46,9.29,7.83,1.02,11.19,10.17,0.73,238.7,7.3,2.0
P244,48,M,onsite,28,Definite Evening,0.84,7.69,6.85,1.31,9.81,8.5,1.29,462.9,4.9,3.0
P245,23,M,onsite,53,Intermediate,1.13,9.01,7.89,2.15,9.95,7.8,0.98,415.8,7.2,3.0
P246,33,F,hybrid,48,Intermediate,1.32,8.18,6.86,1.63,8.44,6.8,0.28,209.7,6.6,2.3
P247,32,M,hybrid,44,Intermediate,1.91,9.12,7.21,2.74,11.37,8.64,1.54,339.4,5.7,2.5
P248,30,F,hybrid,30,Definite Evening,3.76,11.05,7.29,4.78,13.01,8.23,1.49,229.0,7.6,3.3
P249,59,F,remote,56,Intermediate,0.95,9.14,8.18,1.58,10.54,8.96,1.02,211.0,5.1,3.1
P250,42,M,remote,43,Intermediate,0.69,8.83,8.14,1.57,9.34,7.77,0.7,166.7,5.5,2.1
P251,22,M,hybrid,35,Moderate Evening,1.35,7.98,6.63,1.67,8.95,7.28,0.64,262.5,5.1,3.2
P252,49,M,remote,16,Definite Evening,0.62,8.16,7.54,1.32,9.07,7.75,0.8,138.7,6.0,3.6
P253,63,F,onsite,49,Intermediate,0.33,7.33,7.0,1.43,8.53,7.1,1.15,394.9,7.4,3.2
P254,50,M,onsite,71,Definite Morning,-0.21,6.41,6.62,0.67,8.28,7.61,1.37,197.7,7.7,3.1
P255,19,F,onsite,69,Moderate Morning,-0.23,7.11,7.35,0.27,8.64,8.37,1.02,334.7,7.5,3.4
P256,32,M,onsite,44,Intermediate,1.18,8.47,7.28,2.09,8.82,6.73,0.63,276.8,6.0,2.6
P257,53,F,hybrid,42,Intermediate,0.47,9.67,9.2,1.63,11.5,9.87,1.49,309.6,5.6,3.1
P258,29,M,remote,55,Intermediate,1.57,9.37,7.8,1.35,10.56,9.22,0.48,155.1,4.8,2.4
P259,43,M,onsite,38,Moderate Evening,1.27,7.81,6.54,2.65,9.22,6.57,1.4,163.3,7.3,3.1
P260,47,F,onsite,53,Intermediate,0.74,7.84,7.1,1.37,9.72,8.35,1.26,348.0,6.4,3.4
P261,26,F,hybrid,59,Intermediate,0.27,8.49,8.21,1.29,8.82,7.54,0.67,312.8,6.1,2.0
P262,37,M,remote,64,Moderate Morning,0.48,9.45,8.96,1.88,10.42,8.54,1.19,203.6,7.1,2.3
P263,18,F,onsite,48,Intermediate,1.58,7.97,6.39,1.69,8.65,6.96,0.4,415.6,5.5,3.2
P264,25,F,hybrid,47,Intermediate,0.26,6.45,6.18,0.71,6.5,5.8,0.25,347.1,6.8,3.0
P265,34,F,onsite,39,Moderate Evening,0.71,9.52,8.81,1.36,10.73,9.36,0.93,380.7,5.8,2.8
P266,23,F,onsite,40,Moderate Evening,0.96,8.73,7.77,1.37,11.24,9.87,1.46,325.6,6.2,3.4
P267,57,M,remote,47,Intermediate,-0.12,6.77,6.89,1.55,6.67,5.12,0.78,118.8,5.8,2.9
P268,20,M,remote,54,Intermediate,0.05,7.93,7.87,0.43,8.91,8.48,0.68,192.4,4.8,3.2
P269,32,M,onsite,60,Moderate Morning,0.12,5.77,5.65,0.64,7.16,6.52,0.95,413.8,6.4,2.7
P270,39,F,remote,40,Moderate Evening,1.9,9.4,7.5,2.8,10.48,7.67,0.99,206.9,6.4,3.4
P271,55,F,hybrid,67,Moderate Morning,0.47,8.19,7.73,0.66,9.13,8.46,0.57,237.0,6.7,3.5
P272,20,M,remote,46,Intermediate,1.14,9.29,8.15,1.75,9.51,7.77,0.41,165.8,6.6,2.9
P273,51,M,hybrid,49,Intermediate,1.57,8.36,6.79,2.52,9.5,6.97,1.05,194.4,5.3,2.8
P274,38,F,hybrid,41,Moderate Evening,1.06,8.62,7.56,1.69,9.16,7.47,0.59,417.5,6.2,3.1
P275,26,F,hybrid,20,Definite Evening,2.21,9.06,6.85,2.97,8.75,5.78,0.22,208.3,5.4,2.9
P276,43,F,hybrid,60,Moderate Morning,0.42,8.1,7.68,0.95,9.81,8.86,1.13,297.5,6.9,3.6
P277,40,M,onsite,58,Intermediate,0.78,7.66,6.87,0.83,9.23,8.41,0.81,416.9,6.4,2.7
P278,30,M,onsite,46,Intermediate,0.52,7.74,7.21,1.48,8.77,7.28,1.0,331.6,6.6,2.7
P279,38,M,onsite,50,Intermediate,-1.1,5.7,6.8,0.58,6.84,6.26,1.41,352.8,6.8,2.6
P280,33,F,hybrid,56,Intermediate,0.53,8.49,7.96,1.34,10.13,8.79,1.23,181.7,6.8,3.2
P281,39,M,onsite,31,Moderate Evening,2.65,10.75,8.1,3.57,11.89,8.32,1.02,348.1,5.9,3.4
P282,45,F,hybrid,43,Intermediate,1.84,9.17,7.34,2.98,10.71,7.73,1.34,281.1,5.1,2.8
P283,57,M,remote,59,Intermediate,1.31,8.83,7.53,1.47,9.66,8.18,0.49,214.3,6.2,2.7
P284,23,F,onsite,34,Moderate Evening,2.4,8.88,6.49,4.05,10.67,6.62,1.72,330.2,5.1,2.7
P285,63,F,hybrid,53,Intermediate,0.82,8.11,7.29,1.72,9.3,7.58,1.05,344.7,6.0,2.8
P286,18,F,hybrid,33,Moderate Evening,1.6,9.07,7.46,3.22,10.18,6.97,1.37,233.2,5.4,3.3
P287,36,M,remote,55,Intermediate,0.18,9.52,9.33,0.61,9.75,9.14,0.34,153.2,5.4,3.2
P288,45,M,onsite,49,Intermediate,0.63,7.35,6.72,2.34,8.53,6.18,1.44,359.1,4.3,2.6
P289,41,M,hybrid,30,Definite Evening,2.04,10.57,8.52,3.23,11.07,7.84,0.84,185.8,5.3,2.5
P290,30,F,remote,63,Moderate Morning,1.36,9.56,8.2,2.43,10.17,7.74,0.85,59.6,6.3,2.2
P291,35,F,remote,41,Moderate Evening,1.05,8.75,7.7,1.97,9.26,7.29,0.71,156.7,4.7,2.3
P292,32,F,hybrid,40,Moderate Evening,0.84,9.57,8.73,1.52,9.93,8.42,0.52,346.5,6.2,3.3
P293,30,F,hybrid,52,Intermediate,0.78,8.54,7.76,2.18,10.82,8.64,1.84,296.8,7.4,3.6
P294,48,F,hybrid,63,Moderate Morning,0.88,8.65,7.77,1.75,10.45,8.7,1.33,201.2,7.1,2.8
P295,42,M,remote,37,Moderate Evening,0.15,7.61,7.46,-0.03,9.76,9.8,0.98,280.7,6.9,3.5
P296,29,F,hybrid,50,Intermediate,-0.99,7.37,8.36,-0.75,7.64,8.38,0.25,342.7,6.8,2.6
P297,48,M,onsite,55,Intermediate,0.23,8.5,8.27,0.94,9.54,8.6,0.87,436.1,7.2,2.6
P298,41,M,remote,58,Intermediate,-0.41,6.66,7.06,0.55,6.88,6.33,0.59,166.5,5.5,2.4
P299,47,F,hybrid,52,Intermediate,0.37,6.95,6.58,1.15,7.53,6.39,0.68,361.7,5.9,2.5
P300,45,M,hybrid,45,Intermediate,0.91,8.26,7.36,2.32,8.71,6.4,0.93,353.5,3.9,2.2
P301,28,M,onsite,40,Moderate Evening,0.84,7.78,6.94,0.66,9.52,8.86,0.78,357.6,6.9,3.0
P302,31,F,hybrid,51,Intermediate,1.98,9.43,7.46,2.85,10.19,7.35,0.82,193.6,7.5,2.7
P303,46,M,hybrid,37,Moderate Evening,1.57,9.93,8.37,1.46,11.57,10.12,0.77,230.9,5.6,3.2
P304,45,F,hybrid,16,Definite Evening,2.28,9.46,7.18,3.46,10.82,7.36,1.27,295.7,5.2,3.4
P305,37,M,onsite,55,Intermediate,1.17,8.64,7.47,1.93,11.02,9.1,1.57,224.7,5.4,2.8
P306,39,M,hybrid,60,Moderate Morning,-0.41,7.13,7.54,0.6,7.24,6.64,0.56,106.3,6.9,2.2
P307,53,M,remote,21,Definite Evening,2.7,10.79,8.09,3.06,12.55,9.48,1.06,254.1,6.1,3.3
P308,30,M,onsite,37,Moderate Evening,1.24,7.17,5.93,2.68,8.86,6.18,1.56,318.9,4.2,3.5
P309,44,F,remote,57,Intermediate,1.14,8.22,7.08,2.46,8.63,6.17,0.87,215.7,6.3,2.2
P310,35,M,hybrid,74,Definite Morning,-0.85,6.8,7.65,0.24,8.4,8.16,1.35,383.3,6.3,2.6
P311,35,F,remote,50,Intermediate,-0.39,7.95,8.34,0.34,9.15,8.81,0.97,172.1,5.9,2.9
P312,51,M,remote,41,Moderate Evening,1.82,8.97,7.16,2.91,9.84,6.93,0.98,184.3,6.0,2.6
P313,47,F,hybrid,47,Intermediate,1.26,7.44,6.19,1.7,7.95,6.25,0.48,262.7,6.2,2.5
P314,47,F,hybrid,66,Moderate Morning,-0.43,7.5,7.93,0.8,8.07,7.27,0.9,355.0,6.5,2.6
P315,53,F,remote,42,Intermediate,0.43,7.49,7.06,2.06,9.72,7.66,1.93,261.1,5.1,2.7
P316,38,M,hybrid,40,Moderate Evening,2.1,8.77,6.67,3.44,9.77,6.33,1.17,384.9,6.7,3.1
P317,46,M,onsite,44,Intermediate,0.11,7.17,7.06,0.54,8.64,8.1,0.95,386.0,6.3,2.5
P318,34,M,hybrid,38,Moderate Evening,2.58,9.95,7.37,3.56,10.48,6.92,0.75,259.7,6.2,3.3
P319,41,F,remote,51,Intermediate,0.09,7.17,7.08,0.25,7.7,7.46,0.34,162.3,5.1,3.5
P320,36,M,remote,69,Moderate Morning,0.7,6.65,5.96,1.78,8.3,6.52,1.37,261.4,5.7,2.3
P321,39,F,remote,53,Intermediate,0.48,8.61,8.13,1.51,8.8,7.29,0.61,168.0,6.7,2.9
P322,45,F,hybrid,46,Intermediate,1.47,9.86,8.39,1.34,10.62,9.28,0.31,212.9,6.4,2.4
P323,28,M,remote,46,Intermediate,0.55,8.51,7.96,0.77,9.53,8.76,0.62,248.8,6.4,3.2
P324,63,F,onsite,31,Moderate Evening,1.38,8.09,6.7,2.04,9.16,7.11,0.86,578.5,7.2,2.5
P325,25,M,hybrid,60,Moderate Morning,0.53,7.89,7.36,1.18,8.78,7.6,0.77,395.4,7.3,2.8
P326,23,M,onsite,49,Intermediate,0.08,7.58,7.5,0.28,8.82,8.54,0.72,223.6,6.3,2.4
P327,51,F,onsite,47,Intermediate,1.55,9.47,7.92,2.54,10.88,8.34,1.21,337.9,5.5,2.8
P328,47,F,hybrid,86,Definite Morning,-0.82,7.15,7.97,0.11,8.59,8.48,1.18,255.2,4.8,1.9
P329,45,F,hybrid,53,Intermediate,0.56,7.55,6.99,1.26,7.96,6.69,0.56,371.7,6.3,3.0
P330,45,M,hybrid,40,Moderate Evening,0.4,7.96,7.56,0.83,8.79,7.96,0.63,53.0,5.9,2.5
P331,37,M,hybrid,44,Intermediate,-0.99,6.83,7.82,0.33,8.55,8.21,1.52,278.7,6.2,3.3
P332,27,F,hybrid,63,Moderate Morning,0.24,8.76,8.52,1.87,10.3,8.43,1.58,271.5,6.1,2.6
P333,38,F,onsite,51,Intermediate,2.75,10.74,7.99,3.3,10.91,7.61,0.37,225.7,6.1,2.5
P334,29,F,hybrid,32,Moderate Evening,2.11,10.16,8.05,2.6,11.37,8.77,0.85,418.1,4.5,3.1
P335,49,M,onsite,61,Moderate Morning,0.45,8.01,7.56,1.5,7.82,6.33,0.43,326.8,5.8,2.2
P336,36,F,onsite,41,Moderate Evening,0.95,9.44,8.49,1.58,10.47,8.89,0.82,343.7,6.4,3.0
P337,28,M,hybrid,72,Definite Morning,0.1,7.88,7.79,0.83,10.02,9.2,1.43,308.5,7.8,3.2
P338,34,M,hybrid,62,Moderate Morning,0.87,7.76,6.9,2.04,8.2,6.16,0.8,380.9,6.4,2.2
P339,42,F,hybrid,44,Intermediate,0.12,8.6,8.48,-0.04,9.1,9.14,0.17,226.6,6.7,3.1
P340,31,M,hybrid,65,Moderate Morning,1.22,9.2,7.99,2.68,10.66,7.99,1.46,221.4,7.1,3.3
P341,28,F,hybrid,50,Intermediate,1.42,8.61,7.19,2.26,8.69,6.43,0.46,367.7,5.8,2.3
P342,40,M,remote,60,Moderate Morning,1.07,8.24,7.16,1.67,8.86,7.19,0.61,279.4,6.5,2.0
P343,40,M,hybrid,55,Intermediate,1.03,8.73,7.71,1.78,10.09,8.31,1.06,156.4,5.7,2.9
P344,31,F,hybrid,39,Moderate Evening,1.25,9.07,7.82,2.03,9.69,7.66,0.7,236.9,6.8,2.7
P345,32,F,onsite,42,Intermediate,1.67,9.31,7.64,1.6,10.16,8.56,0.4,385.3,6.3,3.5
P346,40,F,onsite,62,Moderate Morning,0.9,8.62,7.72,2.45,10.07,7.62,1.5,390.8,6.4,2.8
P347,20,F,hybrid,45,Intermediate,0.74,9.43,8.69,1.56,10.68,9.12,1.04,225.7,5.5,2.6
P348,21,F,hybrid,45,Intermediate,0.57,8.82,8.25,1.59,9.98,8.39,1.09,50.0,6.6,2.4
P349,29,F,hybrid,38,Moderate Evening,1.35,8.98,7.63,2.63,9.78,7.15,1.04,321.9,7.6,3.4
P350,35,F,hybrid,55,Intermediate,1.91,10.07,8.16,2.2,11.3,9.09,0.76,182.4,5.6,2.4
P351,41,M,hybrid,74,Definite Morning,-0.98,5.8,6.78,0.06,6.72,6.67,0.98,118.6,6.4,2.5
P352,55,F,remote,37,Moderate Evening,0.13,7.91,7.78,0.8,9.18,8.39,0.97,180.3,5.7,3.4
P353,48,M,remote,50,Intermediate,0.98,9.75,8.77,2.21,10.45,8.24,0.96,217.1,6.4,2.6
P354,36,F,hybrid,66,Moderate Morning,0.33,7.68,7.35,0.07,8.57,8.5,0.31,290.3,6.3,2.3
P355,37,F,remote,49,Intermediate,1.02,7.93,6.91,1.77,8.34,6.56,0.58,202.9,3.7,2.7
P356,25,M,onsite,55,Intermediate,0.87,7.91,7.04,1.37,8.89,7.52,0.74,313.3,7.4,2.9
P357,37,F,onsite,37,Moderate Evening,1.13,7.86,6.74,2.14,8.38,6.23,0.76,431.7,6.5,3.2
P358,34,F,onsite,55,Intermediate,1.87,8.82,6.95,2.9,9.15,6.25,0.68,361.1,4.9,2.5
P359,41,M,hybrid,47,Intermediate,-0.33,6.91,7.24,0.12,8.07,7.95,0.8,168.6,5.7,2.8
P360,28,F,remote,61,Moderate Morning,-0.2,6.32,6.52,0.25,7.45,7.2,0.79,174.3,7.4,2.4
P361,44,F,onsite,64,Moderate Morning,0.28,7.79,7.51,1.02,9.26,8.24,1.11,417.2,7.5,2.0
P362,56,M,remote,81,Definite Morning,-1.55,6.58,8.13,-1.2,7.32,8.52,0.55,194.6,7.4,2.3
P363,36,F,onsite,56,Intermediate,0.5,7.36,6.86,1.72,8.61,6.89,1.23,554.8,6.0,3.5
P364,42,M,remote,53,Intermediate,2.07,10.64,8.56,2.69,11.97,9.28,0.97,247.7,5.9,2.4
P365,46,F,hybrid,52,Intermediate,0.8,8.65,7.86,0.14,9.92,9.78,0.31,283.6,6.4,2.3
P366,33,F,onsite,45,Intermediate,1.21,9.43,8.22,1.82,9.94,8.11,0.56,302.4,7.1,2.4
P367,40,F,hybrid,54,Intermediate,-0.3,6.74,7.04,-0.02,7.83,7.85,0.69,336.3,5.7,2.9
P368,38,M,onsite,46,Intermediate,0.5,8.6,8.1,0.48,9.81,9.33,0.6,349.0,5.5,2.9
P369,39,F,onsite,52,Intermediate,0.48,7.22,6.74,0.66,8.22,7.56,0.59,362.4,7.1,2.6
P370,28,F,onsite,65,Moderate Morning,0.07,8.19,8.12,0.93,7.94,7.02,0.3,612.6,6.6,2.0
P371,38,M,remote,37,Moderate Evening,2.33,9.95,7.62,3.79,11.05,7.25,1.28,141.0,6.5,3.1
P372,43,F,hybrid,63,Moderate Morning,0.84,8.73,7.89,1.8,11.06,9.26,1.64,215.8,5.7,2.2
P373,55,M,onsite,65,Moderate Morning,-0.56,6.11,6.68,-0.07,6.9,6.96,0.64,374.6,6.5,2.5
P374,49,F,hybrid,48,Intermediate,1.12,7.99,6.87,2.15,8.55,6.41,0.8,257.3,5.5,3.1
P375,63,M,hybrid,24,Definite Evening,2.16,10.08,7.92,2.73,11.3,8.57,0.9,234.8,5.7,2.7
P376,28,M,onsite,42,Intermediate,2.04,8.88,6.84,2.49,10.07,7.57,0.82,351.4,4.8,2.3
P377,48,M,hybrid,65,Moderate Morning,1.59,9.41,7.82,1.81,11.13,9.32,0.97,337.5,6.1,3.2
P378,40,F,onsite,49,Intermediate,0.07,6.62,6.54,-0.0,6.86,6.86,0.08,437.6,5.3,2.3
P379,64,M,onsite,38,Moderate Evening,0.62,8.72,8.09,1.23,10.15,8.93,1.02,304.7,6.4,3.4
P380,28,F,hybrid,43,Intermediate,0.09,6.73,6.64,0.97,8.08,7.11,1.12,413.2,6.6,2.9
P381,27,M,onsite,60,Moderate Morning,0.31,8.2,7.89,1.06,9.11,8.05,0.83,281.0,5.0,2.5
P382,30,M,hybrid,56,Intermediate,1.01,8.95,7.94,1.61,10.15,8.55,0.9,282.8,7.4,2.9
P383,18,F,hybrid,47,Intermediate,1.74,8.76,7.01,2.07,10.37,8.3,0.97,332.2,8.1,2.5
P384,31,F,onsite,45,Intermediate,0.96,8.87,7.91,2.07,10.4,8.33,1.31,235.4,5.9,3.0
P385,28,M,hybrid,45,Intermediate,0.77,8.45,7.68,0.91,8.77,7.86,0.23,318.4,5.9,2.5
P386,39,F,onsite,38,Moderate Evening,1.39,8.51,7.12,2.58,10.01,7.43,1.34,260.4,8.0,2.6
P387,42,F,remote,69,Moderate Morning,-0.48,6.31,6.79,-0.18,7.27,7.46,0.63,169.5,5.3,2.5
P388,60,F,hybrid,46,Intermediate,2.66,8.79,6.13,3.09,9.83,6.75,0.73,203.0,6.2,2.7
P389,49,M,remote,64,Moderate Morning,-0.93,6.82,7.74,-0.86,7.86,8.72,0.56,179.4,6.4,2.4
P390,31,M,hybrid,68,Moderate Morning,0.37,6.77,6.4,0.92,7.68,6.77,0.73,368.5,7.7,2.0
P391,27,F,onsite,61,Moderate Morning,2.08,9.65,7.57,3.37,11.37,7.99,1.5,338.8,6.4,3.4
P392,43,M,hybrid,44,Intermediate,1.07,8.38,7.32,2.12,9.33,7.21,1.0,300.1,5.7,3.2
P393,22,F,remote,54,Intermediate,0.56,8.53,7.98,1.85,8.86,7.01,0.81,196.7,5.2,3.1
P394,59,F,hybrid,49,Intermediate,0.6,7.89,7.29,1.66,8.65,6.99,0.91,233.9,5.9,2.7
P395,52,F,remote,39,Moderate Evening,1.09,8.36,7.27,1.34,9.47,8.13,0.68,129.2,4.9,2.2
P396,32,F,remote,53,Intermediate,1.84,9.86,8.01,2.48,11.59,9.12,1.19,144.9,5.8,3.6
P397,18,F,onsite,35,Moderate Evening,-0.39,7.34,7.73,0.02,8.7,8.69,0.89,443.6,5.4,3.0
P398,54,M,onsite,64,Moderate Morning,1.59,9.31,7.72,3.05,9.8,6.75,0.98,174.0,5.2,2.3
P399,36,F,hybrid,44,Intermediate,-0.08,7.75,7.83,0.12,10.24,10.12,1.35,216.3,6.9,3.2
P400,52,M,hybrid,52,Intermediate,0.57,6.99,6.43,1.81,8.15,6.34,1.2,204.0,5.8,3.3
P401,18,M,remote,53,Intermediate,0.4,8.43,8.03,1.65,10.2,8.55,1.51,155.0,4.6,2.9
P402,30,F,remote,46,Intermediate,1.46,9.39,7.93,3.18,10.3,7.12,1.31,176.2,5.5,3.5
P403,38,F,hybrid,57,Intermediate,-0.67,6.11,6.79,-0.08,7.43,7.51,0.96,273.4,6.4,3.1
P404,38,F,onsite,44,Intermediate,1.43,8.76,7.33,2.59,10.26,7.68,1.33,346.3,4.5,2.6
P405,32,F,remote,60,Moderate Morning,2.12,9.59,7.47,4.06,11.32,7.26,1.84,257.0,5.9,2.6
P406,45,M,onsite,33,Moderate Evening,0.35,7.76,7.41,0.85,9.39,8.55,1.06,296.8,4.9,3.5
P407,25,M,remote,51,Intermediate,0.97,8.7,7.73,1.0,10.22,9.22,0.78,50.0,7.3,1.6
P408,36,F,hybrid,73,Definite Morning,-0.48,8.02,8.5,-0.62,8.83,9.45,0.34,264.1,7.3,2.2
P409,39,M,hybrid,37,Moderate Evening,1.65,9.9,8.26,2.8,10.56,7.76,0.91,320.8,5.7,2.4
P410,44,M,onsite,41,Moderate Evening,1.18,7.76,6.58,1.04,8.96,7.92,0.53,319.7,5.5,2.6
P411,46,M,hybrid,56,Intermediate,0.13,8.06,7.94,0.74,9.62,8.88,1.09,290.1,6.2,2.6
P412,24,M,hybrid,52,Intermediate,1.17,9.6,8.43,2.19,10.47,8.28,0.94,242.5,6.8,2.6
P413,19,M,hybrid,54,Intermediate,2.15,9.92,7.77,3.05,11.56,8.52,1.27,200.6,6.2,2.6
P414,53,M,onsite,55,Intermediate,0.52,8.79,8.26,1.53,10.66,9.12,1.44,304.1,5.8,2.4
P415,41,M,hybrid,57,Intermediate,1.18,10.09,8.91,2.09,10.54,8.45,0.68,333.3,6.5,3.5
P416,29,M,remote,63,Moderate Morning,-0.64,7.58,8.22,0.8,8.07,7.28,0.97,121.8,5.6,3.3
P417,56,F,onsite,54,Intermediate,-0.06,7.62,7.67,0.27,8.54,8.27,0.62,564.4,6.1,2.2
P418,39,M,onsite,47,Intermediate,1.33,9.56,8.23,1.79,10.75,8.95,0.82,424.5,4.4,3.4
P419,52,M,onsite,58,Intermediate,1.76,9.36,7.6,2.17,10.04,7.87,0.55,454.4,7.2,2.4
P420,38,F,hybrid,72,Definite Morning,0.36,7.88,7.52,1.58,9.69,8.11,1.51,241.3,6.7,2.7
P421,62,M,hybrid,48,Intermediate,0.67,7.92,7.25,1.92,9.18,7.26,1.25,356.4,5.4,2.9
P422,59,F,hybrid,38,Moderate Evening,1.27,9.86,8.59,2.3,10.89,8.59,1.02,276.9,7.5,2.7
P423,35,F,onsite,63,Moderate Morning,-0.61,6.32,6.93,0.79,6.46,5.67,0.77,359.6,6.5,2.9
P424,49,M,hybrid,48,Intermediate,1.4,9.98,8.57,1.61,10.19,8.57,0.21,327.4,5.6,2.6
P425,45,M,hybrid,23,Definite Evening,2.5,10.35,7.85,4.13,11.52,7.38,1.4,312.8,6.2,3.1
P426,54,F,hybrid,60,Moderate Morning,0.14,6.66,6.52,1.7,6.38,4.68,0.64,308.6,6.9,2.0
P427,26,F,remote,43,Intermediate,0.72,8.48,7.76,1.89,10.08,8.2,1.39,182.7,5.8,2.7
P428,46,M,onsite,48,Intermediate,1.13,7.16,6.03,2.82,8.07,5.24,1.3,395.4,5.6,2.3
P429,50,F,hybrid,53,Intermediate,0.4,8.33,7.94,0.37,11.28,10.91,1.46,471.1,6.4,2.9
P430,18,M,hybrid,52,Intermediate,0.73,8.85,8.12,1.26,11.23,9.97,1.46,374.7,5.8,2.4
P431,23,F,hybrid,58,Intermediate,2.25,9.34,7.09,2.68,10.23,7.54,0.66,337.8,6.9,2.5
P432,18,M,hybrid,44,Intermediate,0.86,8.45,7.59,2.02,9.39,7.36,1.05,288.9,4.5,3.5
P433,34,F,hybrid,56,Intermediate,0.35,9.22,8.87,0.63,10.82,10.19,0.94,360.6,6.0,3.2
P434,46,F,remote,46,Intermediate,0.47,7.62,7.15,1.65,9.64,7.99,1.6,230.7,6.9,3.0
P435,56,F,onsite,58,Intermediate,1.17,7.92,6.76,2.65,7.94,5.29,0.75,329.8,5.7,2.6
P436,38,F,onsite,57,Intermediate,0.46,9.0,8.54,1.61,8.93,7.32,0.54,266.4,5.9,3.3
P437,57,M,hybrid,38,Moderate Evening,0.75,9.62,8.87,1.69,10.25,8.56,0.78,273.5,5.7,3.1
P438,21,M,hybrid,63,Moderate Morning,1.45,8.95,7.5,1.76,10.3,8.55,0.83,50.0,5.6,2.4
P439,18,M,onsite,43,Intermediate,2.23,10.44,8.21,2.61,11.74,9.13,0.84,311.4,4.3,2.3
P440,37,M,onsite,59,Intermediate,0.05,8.49,8.44,1.48,10.14,8.66,1.53,387.4,5.9,3.0
P441,42,F,onsite,54,Intermediate,-0.78,6.2,6.98,0.41,6.48,6.07,0.73,404.0,6.4,3.0
P442,37,M,remote,72,Definite Morning,0.89,8.05,7.16,1.67,7.66,5.99,0.2,180.5,6.5,2.0
P443,18,M,onsite,47,Intermediate,0.41,8.77,8.36,1.0,10.28,9.29,1.05,512.7,5.9,3.0
P444,36,F,onsite,45,Intermediate,1.66,10.34,8.68,1.44,10.84,9.4,0.15,395.6,6.4,2.5
P445,22,F,onsite,49,Intermediate,-0.69,7.2,7.89,-0.43,6.99,7.42,0.03,255.0,7.3,2.4
P446,46,F,hybrid,46,Intermediate,1.7,8.59,6.88,3.46,9.68,6.22,1.42,317.9,5.8,2.0
P447,42,F,onsite,59,Intermediate,-0.43,8.46,8.89,-0.27,9.93,10.21,0.82,377.7,5.9,2.5
P448,26,M,hybrid,30,Definite Evening,2.13,9.26,7.13,3.03,10.19,7.16,0.91,356.6,5.6,3.5
P449,31,M,onsite,37,Moderate Evening,1.32,8.58,7.27,2.62,9.31,6.69,1.01,224.2,6.3,2.7
P450,25,F,remote,37,Moderate Evening,0.54,8.28,7.74,0.71,9.19,8.47,0.54,159.2,6.9,2.9
P451,37,F,onsite,61,Moderate Morning,0.14,8.73,8.59,1.03,9.5,8.47,0.84,366.2,5.9,2.3
P452,49,M,hybrid,70,Definite Morning,0.7,8.8,8.1,1.97,8.99,7.02,0.73,336.1,6.8,2.6
P453,26,F,remote,48,Intermediate,1.0,8.8,7.79,1.81,9.37,7.56,0.69,69.5,6.2,2.7
P454,44,M,hybrid,47,Intermediate,1.42,9.25,7.82,3.66,10.56,6.9,1.77,319.7,5.0,2.7
P455,31,M,hybrid,50,Intermediate,2.43,9.96,7.53,2.4,11.15,8.76,0.58,280.1,6.4,3.2
P456,28,F,onsite,63,Moderate Morning,-0.86,7.03,7.89,0.47,8.14,7.66,1.22,408.9,5.1,3.0
P457,36,F,onsite,38,Moderate Evening,2.56,8.29,5.73,3.28,8.7,5.42,0.56,437.5,4.6,2.6
P458,25,F,hybrid,52,Intermediate,0.86,8.16,7.29,2.05,9.05,7.0,1.04,257.2,6.5,3.0
P459,31,M,remote,61,Moderate Morning,-0.25,7.41,7.67,0.77,7.11,6.34,0.36,189.9,6.0,2.7
P460,23,F,hybrid,56,Intermediate,-0.42,6.27,6.69,0.01,7.38,7.37,0.77,193.1,6.6,2.9
P461,61,M,hybrid,52,Intermediate,0.63,8.4,7.77,1.54,10.26,8.71,1.39,210.5,6.1,2.2
P462,38,M,hybrid,62,Moderate Morning,1.17,8.52,7.36,1.04,8.64,7.6,0.01,287.8,6.1,2.7
P463,29,F,hybrid,17,Definite Evening,1.9,10.63,8.73,3.0,11.28,8.28,0.88,368.3,5.6,3.0
P464,40,F,onsite,58,Intermediate,1.78,10.38,8.6,2.73,11.58,8.85,1.07,301.5,5.2,2.6
P465,36,F,hybrid,42,Intermediate,-0.03,7.14,7.17,1.09,8.89,7.81,1.44,261.1,7.0,4.1
P466,35,F,remote,28,Definite Evening,1.61,9.0,7.39,2.94,9.74,6.8,1.03,114.5,4.3,3.3
P467,45,F,onsite,56,Intermediate,-0.36,7.09,7.45,0.62,7.67,7.05,0.78,276.4,6.1,2.5
P468,47,F,hybrid,66,Moderate Morning,0.58,7.76,7.18,1.45,7.58,6.13,0.35,303.6,5.9,1.5
P469,31,M,onsite,48,Intermediate,1.63,9.27,7.64,1.99,10.33,8.34,0.71,312.9,6.6,3.3
P470,31,M,hybrid,61,Moderate Morning,0.13,7.1,6.97,0.57,9.32,8.75,1.33,382.5,6.0,2.2
P471,34,M,onsite,69,Moderate Morning,-1.9,4.81,6.71,-0.51,5.98,6.48,1.28,203.6,6.0,2.2
P472,18,M,hybrid,65,Moderate Morning,0.48,8.42,7.94,2.0,9.41,7.4,1.25,337.8,7.1,2.5
P473,19,F,remote,69,Moderate Morning,0.53,8.48,7.94,1.22,9.67,8.45,0.94,239.9,6.2,3.1
P474,54,F,onsite,58,Intermediate,0.89,7.83,6.94,1.72,8.82,7.11,0.91,279.9,6.7,3.0
P475,57,M,hybrid,50,Intermediate,1.84,9.97,8.13,2.19,10.48,8.29,0.43,333.8,5.6,2.6
P476,35,M,remote,30,Definite Evening,0.69,7.75,7.06,2.08,9.25,7.17,1.44,162.5,4.1,3.4
P477,44,F,remote,47,Intermediate,1.5,9.18,7.68,2.63,10.31,7.68,1.13,176.4,5.8,2.6
P478,41,M,onsite,39,Moderate Evening,2.19,10.26,8.07,3.96,11.27,7.31,1.39,276.3,5.5,3.1
P479,65,F,hybrid,76,Definite Morning,-1.48,5.99,7.48,-1.12,6.41,7.53,0.39,185.4,7.5,2.3
P480,51,F,onsite,47,Intermediate,1.21,9.03,7.82,1.82,10.81,8.99,1.2,300.7,5.9,3.3
P481,36,F,remote,51,Intermediate,0.41,7.55,7.14,1.33,8.95,7.62,1.16,112.7,5.9,3.2
P482,26,F,remote,56,Intermediate,0.57,7.94,7.36,1.7,8.61,6.91,0.9,235.8,4.7,2.9
P483,18,F,hybrid,50,Intermediate,1.13,8.48,7.36,1.82,10.09,8.26,1.15,281.2,7.7,2.7
P484,40,M,remote,70,Definite Morning,-0.24,6.74,6.98,0.12,7.44,7.32,0.53,148.6,6.3,2.7
P485,28,F,hybrid,42,Intermediate,0.59,7.97,7.38,1.83,8.5,6.67,0.89,331.6,6.6,2.8
P486,20,F,hybrid,52,Intermediate,0.81,7.22,6.42,1.97,7.77,5.8,0.85,281.6,5.6,2.3
P487,30,M,onsite,41,Moderate Evening,0.3,7.45,7.16,0.64,7.39,6.75,0.14,313.1,6.5,2.5
P488,25,F,remote,34,Moderate Evening,0.54,7.84,7.3,2.02,9.12,7.11,1.38,173.9,4.3,3.2
P489,58,F,onsite,42,Intermediate,1.67,8.99,7.32,3.06,8.9,5.84,0.64,217.7,6.4,3.2
P490,48,F,remote,49,Intermediate,-0.03,7.3,7.33,0.83,7.56,6.73,0.57,122.0,5.7,2.6
P491,37,F,remote,44,Intermediate,1.59,9.05,7.46,2.43,8.8,6.37,0.3,175.9,6.0,2.2
P492,55,F,hybrid,41,Moderate Evening,1.54,9.37,7.84,2.61,10.32,7.71,1.01,50.0,6.6,3.0
P493,38,F,onsite,33,Moderate Evening,0.06,8.18,8.11,0.43,9.09,8.65,0.64,292.3,4.9,3.0
P494,27,F,onsite,49,Intermediate,0.34,7.39,7.05,1.16,8.19,7.03,0.81,409.3,5.6,2.8
P495,56,F,onsite,31,Moderate Evening,2.47,9.13,6.66,2.19,9.5,7.31,0.05,442.4,6.5,3.2
P496,44,F,hybrid,59,Intermediate,-0.25,6.52,6.77,0.99,6.82,5.83,0.77,201.7,8.2,3.0
P497,25,F,onsite,50,Intermediate,0.48,7.64,7.16,0.5,8.92,8.42,0.65,495.7,6.1,2.5
P498,35,F,remote,32,Moderate Evening,1.85,9.1,7.25,3.4,9.77,6.37,1.11,192.2,5.9,2.9
P499,27,M,hybrid,46,Intermediate,1.62,8.58,6.96,2.25,9.77,7.52,0.91,338.5,6.1,2.4
P500,21,F,onsite,40,Moderate Evening,1.0,7.59,6.59,1.69,8.06,6.37,0.58,472.7,7.6,3.1
